{
    "loss": 0.6006290316581726,
    "accuracy": 0.9224137663841248
}