{
    "loss": 0.5676130652427673,
    "accuracy": 0.9396551847457886
}